Weekday,AvgSalesPerDay
Friday,4300.0
Monday,4325.0
Saturday,4766.666666666667
Sunday,4358.333333333333
Thursday,5166.666666666667
Tuesday,4600.0
Wednesday,4400.0
